CompoundA,ResponseB,SD:ResponseB,N:ResponseB
0,1,0.315905438,28
15.625,1.188889969,0.387298981,3
31.25,1.039416485,0.2051791,3
62.5,0.910698256,0.17451726,15
125,1.06735801,0.27866713,15
250,1.132615065,0.262774671,15
500,1.287646917,0.339482353,15
700,1.488861634,0.459500397,12
800,1.575191979,0.637725281,12
900,1.465590857,0.334821428,12
1000,1.751522085,0.429679888,15
