idExperiment,CompoundB,ResponseA,SD:ResponseA,N:ResponseA
Experiment2,0,1,0.279779339,17
Experiment2,1.875,1.206532829,0.158164644,6
Experiment2,3.25,1.202492296,0.182512499,6
Experiment2,7.5,1.356552009,0.368024415,6
Experiment2,15,1.923764242,0.354209969,6
Experiment2,30,1.78545724,0.213961687,6
Experiment2,40,0.859295483,0.193852407,6
Experiment2,50,0.49943967,0.127820586,6
Experiment2,60,0.477310855,0.2433125,6
